rank,date,code,name,market,score,pools,signals,data_quality,reason
1,20260701,300607,拓斯达,0,140,zt|qs,limit_up_pool|strong_pool|year_breakout|volume_expand|trend_confirmed,ok,"limit_up_pool, strong_pool, year_breakout, volume_expand, trend_confirmed"
2,20260701,688571,杭华股份,1,140,zt|qs,limit_up_pool|strong_pool|year_breakout|volume_expand|trend_confirmed,ok,"limit_up_pool, strong_pool, year_breakout, volume_expand, trend_confirmed"
3,20260701,002559,亚威股份,0,120,zt|qs,limit_up_pool|strong_pool|year_breakout|trend_confirmed,ok,"limit_up_pool, strong_pool, year_breakout, trend_confirmed"
4,20260701,002458,益生股份,0,115,zt,limit_up_pool|year_breakout|year_downtrend_reversal|volume_expand,ok,"limit_up_pool, year_breakout, year_downtrend_reversal, volume_expand"
5,20260701,001331,胜通能源,0,115,zt|qs,limit_up_pool|strong_pool|volume_expand|trend_confirmed,ok,"limit_up_pool, strong_pool, volume_expand, trend_confirmed"
6,20260701,002167,东方锆业,0,115,zt|qs,limit_up_pool|strong_pool|volume_expand|trend_confirmed,ok,"limit_up_pool, strong_pool, volume_expand, trend_confirmed"
7,20260701,300481,濮阳惠成,0,115,zt|qs,limit_up_pool|strong_pool|volume_expand|trend_confirmed,ok,"limit_up_pool, strong_pool, volume_expand, trend_confirmed"
8,20260701,300518,新迅达,0,115,zt|qs,limit_up_pool|strong_pool|volume_expand|trend_confirmed,ok,"limit_up_pool, strong_pool, volume_expand, trend_confirmed"
9,20260701,300852,四会富仕,0,115,zt|qs,limit_up_pool|strong_pool|volume_expand|trend_confirmed,ok,"limit_up_pool, strong_pool, volume_expand, trend_confirmed"
10,20260701,600179,安通控股,1,115,zt|qs,limit_up_pool|strong_pool|volume_expand|trend_confirmed,ok,"limit_up_pool, strong_pool, volume_expand, trend_confirmed"
11,20260701,600641,先导基电,1,115,zt|qs,limit_up_pool|strong_pool|volume_expand|trend_confirmed,ok,"limit_up_pool, strong_pool, volume_expand, trend_confirmed"
12,20260701,600667,太极实业,1,115,zt|qs,limit_up_pool|strong_pool|volume_expand|trend_confirmed,ok,"limit_up_pool, strong_pool, volume_expand, trend_confirmed"
13,20260701,600885,宏发股份,1,115,zt|qs,limit_up_pool|strong_pool|volume_expand|trend_confirmed,ok,"limit_up_pool, strong_pool, volume_expand, trend_confirmed"
14,20260701,603379,三美股份,1,115,zt|qs,limit_up_pool|strong_pool|volume_expand|trend_confirmed,ok,"limit_up_pool, strong_pool, volume_expand, trend_confirmed"
15,20260701,603991,领先股份,1,115,zt|qs,limit_up_pool|strong_pool|volume_expand|trend_confirmed,ok,"limit_up_pool, strong_pool, volume_expand, trend_confirmed"
16,20260701,605178,时空科技,1,115,zt|qs,limit_up_pool|strong_pool|volume_expand|trend_confirmed,ok,"limit_up_pool, strong_pool, volume_expand, trend_confirmed"
17,20260701,688106,金宏气体,1,115,zt|qs,limit_up_pool|strong_pool|volume_expand|trend_confirmed,ok,"limit_up_pool, strong_pool, volume_expand, trend_confirmed"
18,20260701,688728,格科微,1,115,zt|qs,limit_up_pool|strong_pool|volume_expand|trend_confirmed,ok,"limit_up_pool, strong_pool, volume_expand, trend_confirmed"
19,20260701,000012,南  玻Ａ,0,110,qs,strong_pool|year_breakout|year_downtrend_reversal|volume_expand|trend_confirmed,ok,"strong_pool, year_breakout, year_downtrend_reversal, volume_expand, trend_confirmed"
20,20260701,000925,众合科技,0,110,zt,limit_up_pool|year_breakout|volume_expand|trend_confirmed,ok,"limit_up_pool, year_breakout, volume_expand, trend_confirmed"
21,20260701,603505,金石资源,1,110,zt,limit_up_pool|year_breakout|volume_expand|trend_confirmed,ok,"limit_up_pool, year_breakout, volume_expand, trend_confirmed"
22,20260701,600076,康欣新材,1,105,zt|qs,limit_up_pool|strong_pool|year_breakout,ok,"limit_up_pool, strong_pool, year_breakout"
23,20260701,000521,长虹美菱,0,100,zt|qs,limit_up_pool|strong_pool|volume_expand,ok,"limit_up_pool, strong_pool, volume_expand"
24,20260701,000566,海南海药,0,100,zt|qs,limit_up_pool|strong_pool|volume_expand,ok,"limit_up_pool, strong_pool, volume_expand"
25,20260701,000603,盛达资源,0,100,zt|qs,limit_up_pool|strong_pool|volume_expand,ok,"limit_up_pool, strong_pool, volume_expand"
26,20260701,002053,云南能投,0,100,zt|qs,limit_up_pool|strong_pool|volume_expand,ok,"limit_up_pool, strong_pool, volume_expand"
27,20260701,002929,润建股份,0,100,zt|qs,limit_up_pool|strong_pool|volume_expand,ok,"limit_up_pool, strong_pool, volume_expand"
28,20260701,002930,宏川智慧,0,100,zt|qs,limit_up_pool|strong_pool|volume_expand,ok,"limit_up_pool, strong_pool, volume_expand"
29,20260701,600113,浙江东日,1,100,zt|qs,limit_up_pool|strong_pool|volume_expand,ok,"limit_up_pool, strong_pool, volume_expand"
30,20260701,300487,蓝晓科技,0,95,zt,limit_up_pool|year_breakout|volume_expand,ok,"limit_up_pool, year_breakout, volume_expand"
31,20260701,000733,振华科技,0,95,zt|qs,limit_up_pool|strong_pool|trend_confirmed,ok,"limit_up_pool, strong_pool, trend_confirmed"
32,20260701,001256,炜冈科技,0,95,zt|qs,limit_up_pool|strong_pool|trend_confirmed,ok,"limit_up_pool, strong_pool, trend_confirmed"
33,20260701,002273,水晶光电,0,95,zt|qs,limit_up_pool|strong_pool|trend_confirmed,ok,"limit_up_pool, strong_pool, trend_confirmed"
34,20260701,002277,友阿股份,0,95,zt|qs,limit_up_pool|strong_pool|trend_confirmed,ok,"limit_up_pool, strong_pool, trend_confirmed"
35,20260701,002407,多氟多,0,95,zt|qs,limit_up_pool|strong_pool|trend_confirmed,ok,"limit_up_pool, strong_pool, trend_confirmed"
36,20260701,002635,安洁科技,0,95,zt|qs,limit_up_pool|strong_pool|trend_confirmed,ok,"limit_up_pool, strong_pool, trend_confirmed"
37,20260701,002747,埃斯顿,0,95,zt|qs,limit_up_pool|strong_pool|trend_confirmed,ok,"limit_up_pool, strong_pool, trend_confirmed"
38,20260701,600397,江钨装备,1,95,zt|qs,limit_up_pool|strong_pool|trend_confirmed,ok,"limit_up_pool, strong_pool, trend_confirmed"
39,20260701,600857,宁波中百,1,95,zt|qs,limit_up_pool|strong_pool|trend_confirmed,ok,"limit_up_pool, strong_pool, trend_confirmed"
40,20260701,605289,罗曼股份,1,95,zt|qs,limit_up_pool|strong_pool|trend_confirmed,ok,"limit_up_pool, strong_pool, trend_confirmed"
41,20260701,603120,肯特催化,1,95,zt|qs,limit_up_pool|strong_pool|trend_confirmed,recorded,"limit_up_pool, strong_pool, trend_confirmed"
42,20260701,600906,财达证券,1,90,qs,strong_pool|year_breakout|year_downtrend_reversal|trend_confirmed,ok,"strong_pool, year_breakout, year_downtrend_reversal, trend_confirmed"
43,20260701,000776,广发证券,0,90,qs,strong_pool|year_breakout|volume_expand|trend_confirmed,ok,"strong_pool, year_breakout, volume_expand, trend_confirmed"
44,20260701,002077,大港股份,0,90,qs,strong_pool|year_breakout|volume_expand|trend_confirmed,ok,"strong_pool, year_breakout, volume_expand, trend_confirmed"
45,20260701,002422,科伦药业,0,90,qs,strong_pool|year_breakout|volume_expand|trend_confirmed,ok,"strong_pool, year_breakout, volume_expand, trend_confirmed"
46,20260701,002600,领益智造,0,90,qs,strong_pool|year_breakout|volume_expand|trend_confirmed,ok,"strong_pool, year_breakout, volume_expand, trend_confirmed"
47,20260701,002830,名雕股份,0,90,qs,strong_pool|year_breakout|volume_expand|trend_confirmed,ok,"strong_pool, year_breakout, volume_expand, trend_confirmed"
48,20260701,605588,冠石科技,1,90,qs,strong_pool|year_breakout|volume_expand|trend_confirmed,ok,"strong_pool, year_breakout, volume_expand, trend_confirmed"
49,20260701,301618,长联科技,0,90,qs,strong_pool|year_breakout|volume_expand|trend_confirmed,recorded,"strong_pool, year_breakout, volume_expand, trend_confirmed"
50,20260701,603040,新坐标,1,90,zt,limit_up_pool|year_breakout|trend_confirmed,ok,"limit_up_pool, year_breakout, trend_confirmed"
51,20260701,603725,天安新材,1,90,zt,limit_up_pool|year_breakout|trend_confirmed,ok,"limit_up_pool, year_breakout, trend_confirmed"
52,20260701,002129,TCL中环,0,85,qs,strong_pool|year_downtrend_reversal|volume_expand|trend_confirmed,ok,"strong_pool, year_downtrend_reversal, volume_expand, trend_confirmed"
53,20260701,688105,诺唯赞,1,85,qs,strong_pool|year_downtrend_reversal|volume_expand|trend_confirmed,ok,"strong_pool, year_downtrend_reversal, volume_expand, trend_confirmed"
54,20260701,688391,钜泉科技,1,85,qs,strong_pool|year_downtrend_reversal|volume_expand|trend_confirmed,ok,"strong_pool, year_downtrend_reversal, volume_expand, trend_confirmed"
55,20260701,600826,兰生股份,1,85,zt,limit_up_pool|volume_expand|trend_confirmed,ok,"limit_up_pool, volume_expand, trend_confirmed"
56,20260701,002496,辉丰股份,0,80,zb,limit_break_pool|year_breakout|year_downtrend_reversal|volume_expand,ok,"limit_break_pool, year_breakout, year_downtrend_reversal, volume_expand"
57,20260701,000620,盈新发展,0,80,qs|zb,strong_pool|limit_break_pool|volume_expand|trend_confirmed,ok,"strong_pool, limit_break_pool, volume_expand, trend_confirmed"
58,20260701,000783,长江证券,0,80,qs|zb,strong_pool|limit_break_pool|volume_expand|trend_confirmed,ok,"strong_pool, limit_break_pool, volume_expand, trend_confirmed"
59,20260701,000823,超声电子,0,80,qs|zb,strong_pool|limit_break_pool|volume_expand|trend_confirmed,ok,"strong_pool, limit_break_pool, volume_expand, trend_confirmed"
60,20260701,300121,阳谷华泰,0,80,qs|zb,strong_pool|limit_break_pool|volume_expand|trend_confirmed,ok,"strong_pool, limit_break_pool, volume_expand, trend_confirmed"
61,20260701,300540,蜀道装备,0,80,qs|zb,strong_pool|limit_break_pool|volume_expand|trend_confirmed,ok,"strong_pool, limit_break_pool, volume_expand, trend_confirmed"
62,20260701,300873,海晨股份,0,80,qs|zb,strong_pool|limit_break_pool|volume_expand|trend_confirmed,ok,"strong_pool, limit_break_pool, volume_expand, trend_confirmed"
63,20260701,300943,春晖智控,0,80,qs|zb,strong_pool|limit_break_pool|volume_expand|trend_confirmed,ok,"strong_pool, limit_break_pool, volume_expand, trend_confirmed"
64,20260701,600366,宁波韵升,1,80,qs|zb,strong_pool|limit_break_pool|volume_expand|trend_confirmed,ok,"strong_pool, limit_break_pool, volume_expand, trend_confirmed"
65,20260701,600378,昊华科技,1,80,qs|zb,strong_pool|limit_break_pool|volume_expand|trend_confirmed,ok,"strong_pool, limit_break_pool, volume_expand, trend_confirmed"
66,20260701,600999,招商证券,1,80,qs|zb,strong_pool|limit_break_pool|volume_expand|trend_confirmed,ok,"strong_pool, limit_break_pool, volume_expand, trend_confirmed"
67,20260701,603067,振华股份,1,80,qs|zb,strong_pool|limit_break_pool|volume_expand|trend_confirmed,ok,"strong_pool, limit_break_pool, volume_expand, trend_confirmed"
68,20260701,603078,江化微,1,80,qs|zb,strong_pool|limit_break_pool|volume_expand|trend_confirmed,ok,"strong_pool, limit_break_pool, volume_expand, trend_confirmed"
69,20260701,603324,盛剑科技,1,80,qs|zb,strong_pool|limit_break_pool|volume_expand|trend_confirmed,ok,"strong_pool, limit_break_pool, volume_expand, trend_confirmed"
70,20260701,603928,兴业股份,1,80,qs|zb,strong_pool|limit_break_pool|volume_expand|trend_confirmed,ok,"strong_pool, limit_break_pool, volume_expand, trend_confirmed"
71,20260701,603950,长源东谷,1,80,qs|zb,strong_pool|limit_break_pool|volume_expand|trend_confirmed,ok,"strong_pool, limit_break_pool, volume_expand, trend_confirmed"
72,20260701,605020,永和股份,1,80,qs|zb,strong_pool|limit_break_pool|volume_expand|trend_confirmed,ok,"strong_pool, limit_break_pool, volume_expand, trend_confirmed"
73,20260701,688689,银河微电,1,80,qs|zb,strong_pool|limit_break_pool|volume_expand|trend_confirmed,ok,"strong_pool, limit_break_pool, volume_expand, trend_confirmed"
74,20260701,688652,京仪装备,1,80,qs|zb,strong_pool|limit_break_pool|volume_expand|trend_confirmed,recorded,"strong_pool, limit_break_pool, volume_expand, trend_confirmed"
75,20260701,688721,龙图光罩,1,80,qs|zb,strong_pool|limit_break_pool|volume_expand|trend_confirmed,recorded,"strong_pool, limit_break_pool, volume_expand, trend_confirmed"
76,20260701,000004,国华退,0,80,zt|qs,limit_up_pool|strong_pool,ok,"limit_up_pool, strong_pool"
77,20260701,002396,星网锐捷,0,80,zt|qs,limit_up_pool|strong_pool,ok,"limit_up_pool, strong_pool"
78,20260701,002738,中矿资源,0,80,zt|qs,limit_up_pool|strong_pool,ok,"limit_up_pool, strong_pool"
79,20260701,002808,恒久退,0,80,zt|qs,limit_up_pool|strong_pool,ok,"limit_up_pool, strong_pool"
80,20260701,600783,鲁信创投,1,80,zt|qs,limit_up_pool|strong_pool,ok,"limit_up_pool, strong_pool"
81,20260701,603212,赛伍技术,1,80,zt|qs,limit_up_pool|strong_pool,ok,"limit_up_pool, strong_pool"
82,20260701,603137,恒尚节能,1,80,zt|qs,limit_up_pool|strong_pool,recorded,"limit_up_pool, strong_pool"
83,20260701,920699,海达尔,0,80,zt|qs,limit_up_pool|strong_pool,recorded,"limit_up_pool, strong_pool"
84,20260701,300853,申昊科技,0,75,zb,limit_break_pool|year_breakout|volume_expand|trend_confirmed,ok,"limit_break_pool, year_breakout, volume_expand, trend_confirmed"
85,20260701,601108,财通证券,1,75,qs,strong_pool|year_breakout|volume_expand,ok,"strong_pool, year_breakout, volume_expand"
86,20260701,603977,国泰集团,1,75,qs,strong_pool|year_breakout|volume_expand,ok,"strong_pool, year_breakout, volume_expand"
87,20260701,688221,前沿生物-U,1,75,qs,strong_pool|year_breakout|volume_expand,ok,"strong_pool, year_breakout, volume_expand"
88,20260701,688578,艾力斯,1,75,qs,strong_pool|year_breakout|volume_expand,ok,"strong_pool, year_breakout, volume_expand"
89,20260701,000545,金浦钛业,0,70,zt,limit_up_pool|volume_expand,ok,"limit_up_pool, volume_expand"
90,20260701,000757,浩物股份,0,70,zt,limit_up_pool|volume_expand,ok,"limit_up_pool, volume_expand"
91,20260701,000876,新 希 望,0,70,zt,limit_up_pool|volume_expand,ok,"limit_up_pool, volume_expand"
92,20260701,001313,粤海饲料,0,70,zt,limit_up_pool|volume_expand,ok,"limit_up_pool, volume_expand"
93,20260701,002052,同洲电子,0,70,zt,limit_up_pool|volume_expand,ok,"limit_up_pool, volume_expand"
94,20260701,002123,梦网科技,0,70,zt,limit_up_pool|volume_expand,ok,"limit_up_pool, volume_expand"
95,20260701,002124,天邦食品,0,70,zt,limit_up_pool|volume_expand,ok,"limit_up_pool, volume_expand"
96,20260701,002268,电科网安,0,70,zt,limit_up_pool|volume_expand,ok,"limit_up_pool, volume_expand"
97,20260701,002403,爱仕达,0,70,zt,limit_up_pool|volume_expand,ok,"limit_up_pool, volume_expand"
98,20260701,002423,中粮资本,0,70,zt,limit_up_pool|volume_expand,ok,"limit_up_pool, volume_expand"
99,20260701,002468,申通快递,0,70,zt,limit_up_pool|volume_expand,ok,"limit_up_pool, volume_expand"
100,20260701,002524,光正眼科,0,70,zt,limit_up_pool|volume_expand,ok,"limit_up_pool, volume_expand"
101,20260701,002607,中公教育,0,70,zt,limit_up_pool|volume_expand,ok,"limit_up_pool, volume_expand"
102,20260701,002698,博实股份,0,70,zt,limit_up_pool|volume_expand,ok,"limit_up_pool, volume_expand"
103,20260701,002826,易明医药,0,70,zt,limit_up_pool|volume_expand,ok,"limit_up_pool, volume_expand"
104,20260701,002923,润都股份,0,70,zt,limit_up_pool|volume_expand,ok,"limit_up_pool, volume_expand"
105,20260701,003007,直真科技,0,70,zt,limit_up_pool|volume_expand,ok,"limit_up_pool, volume_expand"
106,20260701,300175,朗源股份,0,70,zt,limit_up_pool|volume_expand,ok,"limit_up_pool, volume_expand"
107,20260701,300287,飞利信,0,70,zt,limit_up_pool|volume_expand,ok,"limit_up_pool, volume_expand"
108,20260701,300343,联创股份,0,70,zt,limit_up_pool|volume_expand,ok,"limit_up_pool, volume_expand"
109,20260701,300345,华民股份,0,70,zt,limit_up_pool|volume_expand,ok,"limit_up_pool, volume_expand"
110,20260701,300539,横河精密,0,70,zt,limit_up_pool|volume_expand,ok,"limit_up_pool, volume_expand"
111,20260701,600199,金种子酒,1,70,zt,limit_up_pool|volume_expand,ok,"limit_up_pool, volume_expand"
112,20260701,600661,昂立教育,1,70,zt,limit_up_pool|volume_expand,ok,"limit_up_pool, volume_expand"
113,20260701,600673,东阳光,1,70,zt,limit_up_pool|volume_expand,ok,"limit_up_pool, volume_expand"
114,20260701,600793,宜宾纸业,1,70,zt,limit_up_pool|volume_expand,ok,"limit_up_pool, volume_expand"
115,20260701,600825,新华传媒,1,70,zt,limit_up_pool|volume_expand,ok,"limit_up_pool, volume_expand"
116,20260701,600975,新五丰,1,70,zt,limit_up_pool|volume_expand,ok,"limit_up_pool, volume_expand"
117,20260701,601162,天风证券,1,70,zt,limit_up_pool|volume_expand,ok,"limit_up_pool, volume_expand"
118,20260701,601933,永辉超市,1,70,zt,limit_up_pool|volume_expand,ok,"limit_up_pool, volume_expand"
119,20260701,603131,上海沪工,1,70,zt,limit_up_pool|volume_expand,ok,"limit_up_pool, volume_expand"
120,20260701,603351,威尔药业,1,70,zt,limit_up_pool|volume_expand,ok,"limit_up_pool, volume_expand"
121,20260701,603363,傲农生物,1,70,zt,limit_up_pool|volume_expand,ok,"limit_up_pool, volume_expand"
122,20260701,603615,茶花股份,1,70,zt,limit_up_pool|volume_expand,ok,"limit_up_pool, volume_expand"
123,20260701,603666,亿嘉和,1,70,zt,limit_up_pool|volume_expand,ok,"limit_up_pool, volume_expand"
124,20260701,603758,秦安股份,1,70,zt,limit_up_pool|volume_expand,ok,"limit_up_pool, volume_expand"
125,20260701,688247,宣泰医药,1,70,zt,limit_up_pool|volume_expand,ok,"limit_up_pool, volume_expand"
126,20260701,688553,汇宇制药-W,1,70,zt,limit_up_pool|volume_expand,ok,"limit_up_pool, volume_expand"
127,20260701,603173,福斯达,1,70,zt,limit_up_pool|volume_expand,recorded,"limit_up_pool, volume_expand"
128,20260701,603325,博隆技术,1,70,zt,limit_up_pool|volume_expand,recorded,"limit_up_pool, volume_expand"
129,20260701,002068,黑猫股份,0,65,qs,strong_pool|year_downtrend_reversal|trend_confirmed,ok,"strong_pool, year_downtrend_reversal, trend_confirmed"
130,20260701,002079,苏州固锝,0,65,qs,strong_pool|year_downtrend_reversal|trend_confirmed,ok,"strong_pool, year_downtrend_reversal, trend_confirmed"
131,20260701,600400,红豆股份,1,65,qs,strong_pool|year_downtrend_reversal|trend_confirmed,ok,"strong_pool, year_downtrend_reversal, trend_confirmed"
132,20260701,000021,深科技,0,65,qs,strong_pool|volume_expand|trend_confirmed,ok,"strong_pool, volume_expand, trend_confirmed"
133,20260701,000100,TCL科技,0,65,qs,strong_pool|volume_expand|trend_confirmed,ok,"strong_pool, volume_expand, trend_confirmed"
134,20260701,000551,创元科技,0,65,qs,strong_pool|volume_expand|trend_confirmed,ok,"strong_pool, volume_expand, trend_confirmed"
135,20260701,000672,上峰材料,0,65,qs,strong_pool|volume_expand|trend_confirmed,ok,"strong_pool, volume_expand, trend_confirmed"
136,20260701,000725,京东方Ａ,0,65,qs,strong_pool|volume_expand|trend_confirmed,ok,"strong_pool, volume_expand, trend_confirmed"
137,20260701,000811,冰轮环境,0,65,qs,strong_pool|volume_expand|trend_confirmed,ok,"strong_pool, volume_expand, trend_confirmed"
138,20260701,001229,魅视科技,0,65,qs,strong_pool|volume_expand|trend_confirmed,ok,"strong_pool, volume_expand, trend_confirmed"
139,20260701,002049,紫光国微,0,65,qs,strong_pool|volume_expand|trend_confirmed,ok,"strong_pool, volume_expand, trend_confirmed"
140,20260701,002106,莱宝高科,0,65,qs,strong_pool|volume_expand|trend_confirmed,ok,"strong_pool, volume_expand, trend_confirmed"
141,20260701,002119,康强电子,0,65,qs,strong_pool|volume_expand|trend_confirmed,ok,"strong_pool, volume_expand, trend_confirmed"
142,20260701,002141,贤丰控股,0,65,qs,strong_pool|volume_expand|trend_confirmed,ok,"strong_pool, volume_expand, trend_confirmed"
143,20260701,002158,汉钟精机,0,65,qs,strong_pool|volume_expand|trend_confirmed,ok,"strong_pool, volume_expand, trend_confirmed"
144,20260701,002208,合肥城建,0,65,qs,strong_pool|volume_expand|trend_confirmed,ok,"strong_pool, volume_expand, trend_confirmed"
145,20260701,002317,众生药业,0,65,qs,strong_pool|volume_expand|trend_confirmed,ok,"strong_pool, volume_expand, trend_confirmed"
146,20260701,002354,天娱数科,0,65,qs,strong_pool|volume_expand|trend_confirmed,ok,"strong_pool, volume_expand, trend_confirmed"
147,20260701,002371,北方华创,0,65,qs,strong_pool|volume_expand|trend_confirmed,ok,"strong_pool, volume_expand, trend_confirmed"
148,20260701,002409,雅克科技,0,65,qs,strong_pool|volume_expand|trend_confirmed,ok,"strong_pool, volume_expand, trend_confirmed"
149,20260701,002587,奥拓电子,0,65,qs,strong_pool|volume_expand|trend_confirmed,ok,"strong_pool, volume_expand, trend_confirmed"
150,20260701,002631,德尔未来,0,65,qs,strong_pool|volume_expand|trend_confirmed,ok,"strong_pool, volume_expand, trend_confirmed"
151,20260701,002643,万润股份,0,65,qs,strong_pool|volume_expand|trend_confirmed,ok,"strong_pool, volume_expand, trend_confirmed"
152,20260701,002653,海思科,0,65,qs|zb,strong_pool|limit_break_pool|volume_expand,ok,"strong_pool, limit_break_pool, volume_expand"
153,20260701,002654,万润科技,0,65,qs,strong_pool|volume_expand|trend_confirmed,ok,"strong_pool, volume_expand, trend_confirmed"
154,20260701,002674,兴业科技,0,65,qs,strong_pool|volume_expand|trend_confirmed,ok,"strong_pool, volume_expand, trend_confirmed"
155,20260701,002955,鸿合科技,0,65,qs,strong_pool|volume_expand|trend_confirmed,ok,"strong_pool, volume_expand, trend_confirmed"
156,20260701,002983,芯瑞达,0,65,qs,strong_pool|volume_expand|trend_confirmed,ok,"strong_pool, volume_expand, trend_confirmed"
157,20260701,003026,中晶科技,0,65,qs,strong_pool|volume_expand|trend_confirmed,ok,"strong_pool, volume_expand, trend_confirmed"
158,20260701,003043,华亚智能,0,65,qs,strong_pool|volume_expand|trend_confirmed,ok,"strong_pool, volume_expand, trend_confirmed"
159,20260701,300042,朗科科技,0,65,qs,strong_pool|volume_expand|trend_confirmed,ok,"strong_pool, volume_expand, trend_confirmed"
160,20260701,300054,鼎龙股份,0,65,qs,strong_pool|volume_expand|trend_confirmed,ok,"strong_pool, volume_expand, trend_confirmed"
161,20260701,300077,国民技术,0,65,qs,strong_pool|volume_expand|trend_confirmed,ok,"strong_pool, volume_expand, trend_confirmed"
162,20260701,300223,北京君正,0,65,qs,strong_pool|volume_expand|trend_confirmed,ok,"strong_pool, volume_expand, trend_confirmed"
163,20260701,300236,上海新阳,0,65,qs,strong_pool|volume_expand|trend_confirmed,ok,"strong_pool, volume_expand, trend_confirmed"
164,20260701,300321,同大股份,0,65,qs,strong_pool|volume_expand|trend_confirmed,ok,"strong_pool, volume_expand, trend_confirmed"
165,20260701,300323,华灿光电,0,65,qs,strong_pool|volume_expand|trend_confirmed,ok,"strong_pool, volume_expand, trend_confirmed"
166,20260701,300327,中颖电子,0,65,qs,strong_pool|volume_expand|trend_confirmed,ok,"strong_pool, volume_expand, trend_confirmed"
167,20260701,300346,南大光电,0,65,qs,strong_pool|volume_expand|trend_confirmed,ok,"strong_pool, volume_expand, trend_confirmed"
168,20260701,300416,苏试试验,0,65,qs,strong_pool|volume_expand|trend_confirmed,ok,"strong_pool, volume_expand, trend_confirmed"
169,20260701,300458,全志科技,0,65,qs,strong_pool|volume_expand|trend_confirmed,ok,"strong_pool, volume_expand, trend_confirmed"
170,20260701,300480,光力科技,0,65,qs,strong_pool|volume_expand|trend_confirmed,ok,"strong_pool, volume_expand, trend_confirmed"
171,20260701,300503,昊志机电,0,65,qs,strong_pool|volume_expand|trend_confirmed,ok,"strong_pool, volume_expand, trend_confirmed"
172,20260701,300537,广信材料,0,65,qs,strong_pool|volume_expand|trend_confirmed,ok,"strong_pool, volume_expand, trend_confirmed"
173,20260701,300545,联得装备,0,65,qs,strong_pool|volume_expand|trend_confirmed,ok,"strong_pool, volume_expand, trend_confirmed"
174,20260701,300558,贝达药业,0,65,qs,strong_pool|volume_expand|trend_confirmed,ok,"strong_pool, volume_expand, trend_confirmed"
175,20260701,300560,中富通,0,65,qs,strong_pool|volume_expand|trend_confirmed,ok,"strong_pool, volume_expand, trend_confirmed"
176,20260701,300566,激智科技,0,65,qs,strong_pool|volume_expand|trend_confirmed,ok,"strong_pool, volume_expand, trend_confirmed"
177,20260701,300567,精测电子,0,65,qs,strong_pool|volume_expand|trend_confirmed,ok,"strong_pool, volume_expand, trend_confirmed"
178,20260701,300596,利安隆,0,65,qs,strong_pool|volume_expand|trend_confirmed,ok,"strong_pool, volume_expand, trend_confirmed"
179,20260701,300623,捷捷微电,0,65,qs,strong_pool|volume_expand|trend_confirmed,ok,"strong_pool, volume_expand, trend_confirmed"
180,20260701,300655,晶瑞电材,0,65,qs,strong_pool|volume_expand|trend_confirmed,ok,"strong_pool, volume_expand, trend_confirmed"
181,20260701,300671,富满微,0,65,qs,strong_pool|volume_expand|trend_confirmed,ok,"strong_pool, volume_expand, trend_confirmed"
182,20260701,300720,海川智能,0,65,qs,strong_pool|volume_expand|trend_confirmed,ok,"strong_pool, volume_expand, trend_confirmed"
183,20260701,300821,东岳硅材,0,65,qs,strong_pool|volume_expand|trend_confirmed,ok,"strong_pool, volume_expand, trend_confirmed"
184,20260701,300843,胜蓝股份,0,65,qs,strong_pool|volume_expand|trend_confirmed,ok,"strong_pool, volume_expand, trend_confirmed"
185,20260701,301045,天禄科技,0,65,qs,strong_pool|volume_expand|trend_confirmed,ok,"strong_pool, volume_expand, trend_confirmed"
186,20260701,301093,华兰股份,0,65,qs,strong_pool|volume_expand|trend_confirmed,ok,"strong_pool, volume_expand, trend_confirmed"
187,20260701,301095,广立微,0,65,qs,strong_pool|volume_expand|trend_confirmed,ok,"strong_pool, volume_expand, trend_confirmed"
188,20260701,301127,武汉天源,0,65,qs,strong_pool|volume_expand|trend_confirmed,ok,"strong_pool, volume_expand, trend_confirmed"
189,20260701,301161,唯万密封,0,65,qs,strong_pool|volume_expand|trend_confirmed,ok,"strong_pool, volume_expand, trend_confirmed"
190,20260701,301235,华康洁净,0,65,qs,strong_pool|volume_expand|trend_confirmed,ok,"strong_pool, volume_expand, trend_confirmed"
191,20260701,301280,珠城科技,0,65,qs,strong_pool|volume_expand|trend_confirmed,ok,"strong_pool, volume_expand, trend_confirmed"
192,20260701,301297,富乐德,0,65,qs,strong_pool|volume_expand|trend_confirmed,ok,"strong_pool, volume_expand, trend_confirmed"
193,20260701,301328,维峰电子,0,65,qs,strong_pool|volume_expand|trend_confirmed,ok,"strong_pool, volume_expand, trend_confirmed"
194,20260701,600030,中信证券,1,65,qs,strong_pool|volume_expand|trend_confirmed,ok,"strong_pool, volume_expand, trend_confirmed"
195,20260701,600171,上海贝岭,1,65,qs,strong_pool|volume_expand|trend_confirmed,ok,"strong_pool, volume_expand, trend_confirmed"
196,20260701,600184,光电股份,1,65,qs,strong_pool|volume_expand|trend_confirmed,ok,"strong_pool, volume_expand, trend_confirmed"
197,20260701,600228,返利科技,1,65,qs,strong_pool|volume_expand|trend_confirmed,ok,"strong_pool, volume_expand, trend_confirmed"
198,20260701,600460,士兰微,1,65,qs,strong_pool|volume_expand|trend_confirmed,ok,"strong_pool, volume_expand, trend_confirmed"
199,20260701,600707,彩虹股份,1,65,qs,strong_pool|volume_expand|trend_confirmed,ok,"strong_pool, volume_expand, trend_confirmed"
200,20260701,601211,国泰海通,1,65,qs,strong_pool|volume_expand|trend_confirmed,ok,"strong_pool, volume_expand, trend_confirmed"
201,20260701,601678,滨化股份,1,65,qs,strong_pool|volume_expand|trend_confirmed,ok,"strong_pool, volume_expand, trend_confirmed"
202,20260701,601995,中金公司,1,65,qs,strong_pool|volume_expand|trend_confirmed,ok,"strong_pool, volume_expand, trend_confirmed"
203,20260701,603010,万盛股份,1,65,qs,strong_pool|volume_expand|trend_confirmed,ok,"strong_pool, volume_expand, trend_confirmed"
204,20260701,603068,博通集成,1,65,qs,strong_pool|volume_expand|trend_confirmed,ok,"strong_pool, volume_expand, trend_confirmed"
205,20260701,603155,新亚强,1,65,qs,strong_pool|volume_expand|trend_confirmed,ok,"strong_pool, volume_expand, trend_confirmed"
206,20260701,603223,恒通股份,1,65,qs,strong_pool|volume_expand|trend_confirmed,ok,"strong_pool, volume_expand, trend_confirmed"
207,20260701,603283,赛腾股份,1,65,qs,strong_pool|volume_expand|trend_confirmed,ok,"strong_pool, volume_expand, trend_confirmed"
208,20260701,603290,斯达半导,1,65,qs,strong_pool|volume_expand|trend_confirmed,ok,"strong_pool, volume_expand, trend_confirmed"
209,20260701,603650,彤程新材,1,65,qs,strong_pool|volume_expand|trend_confirmed,ok,"strong_pool, volume_expand, trend_confirmed"
210,20260701,603662,柯力传感,1,65,qs,strong_pool|volume_expand|trend_confirmed,ok,"strong_pool, volume_expand, trend_confirmed"
211,20260701,603690,至纯科技,1,65,qs,strong_pool|volume_expand|trend_confirmed,ok,"strong_pool, volume_expand, trend_confirmed"
212,20260701,603726,朗迪集团,1,65,qs,strong_pool|volume_expand|trend_confirmed,ok,"strong_pool, volume_expand, trend_confirmed"
213,20260701,605111,新洁能,1,65,qs,strong_pool|volume_expand|trend_confirmed,ok,"strong_pool, volume_expand, trend_confirmed"
214,20260701,605208,永茂泰,1,65,qs,strong_pool|volume_expand|trend_confirmed,ok,"strong_pool, volume_expand, trend_confirmed"
215,20260701,688008,澜起科技,1,65,qs,strong_pool|volume_expand|trend_confirmed,ok,"strong_pool, volume_expand, trend_confirmed"
216,20260701,688012,中微公司,1,65,qs,strong_pool|volume_expand|trend_confirmed,ok,"strong_pool, volume_expand, trend_confirmed"
217,20260701,688019,安集科技,1,65,qs,strong_pool|volume_expand|trend_confirmed,ok,"strong_pool, volume_expand, trend_confirmed"
218,20260701,688037,芯源微,1,65,qs,strong_pool|volume_expand|trend_confirmed,ok,"strong_pool, volume_expand, trend_confirmed"
219,20260701,688046,药康生物,1,65,qs,strong_pool|volume_expand|trend_confirmed,ok,"strong_pool, volume_expand, trend_confirmed"
220,20260701,688057,金达莱,1,65,qs,strong_pool|volume_expand|trend_confirmed,ok,"strong_pool, volume_expand, trend_confirmed"
221,20260701,688115,思林杰,1,65,qs,strong_pool|volume_expand|trend_confirmed,ok,"strong_pool, volume_expand, trend_confirmed"
222,20260701,688120,华海清科,1,65,qs,strong_pool|volume_expand|trend_confirmed,ok,"strong_pool, volume_expand, trend_confirmed"
223,20260701,688123,聚辰股份,1,65,qs,strong_pool|volume_expand|trend_confirmed,ok,"strong_pool, volume_expand, trend_confirmed"
224,20260701,688138,清溢光电,1,65,qs,strong_pool|volume_expand|trend_confirmed,ok,"strong_pool, volume_expand, trend_confirmed"
225,20260701,688173,希荻微,1,65,qs,strong_pool|volume_expand|trend_confirmed,ok,"strong_pool, volume_expand, trend_confirmed"
226,20260701,688179,阿拉丁,1,65,qs,strong_pool|volume_expand|trend_confirmed,ok,"strong_pool, volume_expand, trend_confirmed"
227,20260701,688181,八亿时空,1,65,qs,strong_pool|volume_expand|trend_confirmed,ok,"strong_pool, volume_expand, trend_confirmed"
228,20260701,688187,时代电气,1,65,qs,strong_pool|volume_expand|trend_confirmed,ok,"strong_pool, volume_expand, trend_confirmed"
229,20260701,688206,概伦电子,1,65,qs,strong_pool|volume_expand|trend_confirmed,ok,"strong_pool, volume_expand, trend_confirmed"
230,20260701,688207,格灵深瞳,1,65,qs,strong_pool|volume_expand|trend_confirmed,ok,"strong_pool, volume_expand, trend_confirmed"
231,20260701,688209,英集芯,1,65,qs,strong_pool|volume_expand|trend_confirmed,ok,"strong_pool, volume_expand, trend_confirmed"
232,20260701,688216,气派科技,1,65,qs,strong_pool|volume_expand|trend_confirmed,ok,"strong_pool, volume_expand, trend_confirmed"
233,20260701,688219,会通股份,1,65,qs,strong_pool|volume_expand|trend_confirmed,ok,"strong_pool, volume_expand, trend_confirmed"
234,20260701,688220,翱捷科技-U,1,65,qs,strong_pool|volume_expand|trend_confirmed,ok,"strong_pool, volume_expand, trend_confirmed"
235,20260701,688222,成都先导,1,65,qs,strong_pool|volume_expand|trend_confirmed,ok,"strong_pool, volume_expand, trend_confirmed"
236,20260701,688230,芯导科技,1,65,qs,strong_pool|volume_expand|trend_confirmed,ok,"strong_pool, volume_expand, trend_confirmed"
237,20260701,688233,神工股份,1,65,qs,strong_pool|volume_expand|trend_confirmed,ok,"strong_pool, volume_expand, trend_confirmed"
238,20260701,688261,东微半导,1,65,qs,strong_pool|volume_expand|trend_confirmed,ok,"strong_pool, volume_expand, trend_confirmed"
239,20260701,688262,国芯科技,1,65,qs,strong_pool|volume_expand|trend_confirmed,ok,"strong_pool, volume_expand, trend_confirmed"
240,20260701,688286,敏芯股份,1,65,qs,strong_pool|volume_expand|trend_confirmed,ok,"strong_pool, volume_expand, trend_confirmed"
241,20260701,688319,欧林生物,1,65,qs,strong_pool|volume_expand|trend_confirmed,ok,"strong_pool, volume_expand, trend_confirmed"
242,20260701,688328,深科达,1,65,qs,strong_pool|volume_expand|trend_confirmed,ok,"strong_pool, volume_expand, trend_confirmed"
243,20260701,688359,三孚新科,1,65,qs,strong_pool|volume_expand|trend_confirmed,ok,"strong_pool, volume_expand, trend_confirmed"
244,20260701,688380,中微半导,1,65,qs,strong_pool|volume_expand|trend_confirmed,ok,"strong_pool, volume_expand, trend_confirmed"
245,20260701,688401,路维光电,1,65,qs,strong_pool|volume_expand|trend_confirmed,ok,"strong_pool, volume_expand, trend_confirmed"
246,20260701,688409,富创精密,1,65,qs,strong_pool|volume_expand|trend_confirmed,ok,"strong_pool, volume_expand, trend_confirmed"
247,20260701,688432,有研硅,1,65,qs,strong_pool|volume_expand|trend_confirmed,ok,"strong_pool, volume_expand, trend_confirmed"
248,20260701,688448,磁谷科技,1,65,qs,strong_pool|volume_expand|trend_confirmed,ok,"strong_pool, volume_expand, trend_confirmed"
249,20260701,688550,瑞联新材,1,65,qs,strong_pool|volume_expand|trend_confirmed,ok,"strong_pool, volume_expand, trend_confirmed"
250,20260701,688596,正帆科技,1,65,qs,strong_pool|volume_expand|trend_confirmed,ok,"strong_pool, volume_expand, trend_confirmed"
251,20260701,688669,聚石化学,1,65,qs,strong_pool|volume_expand|trend_confirmed,ok,"strong_pool, volume_expand, trend_confirmed"
252,20260701,688685,迈信林,1,65,qs,strong_pool|volume_expand|trend_confirmed,ok,"strong_pool, volume_expand, trend_confirmed"
253,20260701,688686,奥普特,1,65,qs,strong_pool|volume_expand|trend_confirmed,ok,"strong_pool, volume_expand, trend_confirmed"
254,20260701,688699,明微电子,1,65,qs,strong_pool|volume_expand|trend_confirmed,ok,"strong_pool, volume_expand, trend_confirmed"
255,20260701,688766,普冉股份,1,65,qs,strong_pool|volume_expand|trend_confirmed,ok,"strong_pool, volume_expand, trend_confirmed"
256,20260701,301281,科源制药,0,65,qs,strong_pool|volume_expand|trend_confirmed,recorded,"strong_pool, volume_expand, trend_confirmed"
257,20260701,301528,多浦乐,0,65,qs,strong_pool|volume_expand|trend_confirmed,recorded,"strong_pool, volume_expand, trend_confirmed"
258,20260701,301555,惠柏新材,0,65,qs,strong_pool|volume_expand|trend_confirmed,recorded,"strong_pool, volume_expand, trend_confirmed"
259,20260701,301588,美新科技,0,65,qs,strong_pool|volume_expand|trend_confirmed,recorded,"strong_pool, volume_expand, trend_confirmed"
260,20260701,301617,博苑新材,0,65,qs,strong_pool|volume_expand|trend_confirmed,recorded,"strong_pool, volume_expand, trend_confirmed"
261,20260701,301626,苏州天脉,0,65,qs,strong_pool|volume_expand|trend_confirmed,recorded,"strong_pool, volume_expand, trend_confirmed"
262,20260701,601133,柏诚股份,1,65,qs,strong_pool|volume_expand|trend_confirmed,recorded,"strong_pool, volume_expand, trend_confirmed"
263,20260701,603004,鼎龙科技,1,65,qs,strong_pool|volume_expand|trend_confirmed,recorded,"strong_pool, volume_expand, trend_confirmed"
264,20260701,603061,金海通,1,65,qs,strong_pool|volume_expand|trend_confirmed,recorded,"strong_pool, volume_expand, trend_confirmed"
265,20260701,603125,常青科技,1,65,qs,strong_pool|volume_expand|trend_confirmed,recorded,"strong_pool, volume_expand, trend_confirmed"
266,20260701,603270,金帝股份,1,65,qs,strong_pool|volume_expand|trend_confirmed,recorded,"strong_pool, volume_expand, trend_confirmed"
267,20260701,688249,晶合集成,1,65,qs,strong_pool|volume_expand|trend_confirmed,recorded,"strong_pool, volume_expand, trend_confirmed"
268,20260701,688361,中科飞测,1,65,qs,strong_pool|volume_expand|trend_confirmed,recorded,"strong_pool, volume_expand, trend_confirmed"
269,20260701,688450,光格科技,1,65,qs,strong_pool|volume_expand|trend_confirmed,recorded,"strong_pool, volume_expand, trend_confirmed"
270,20260701,688469,芯联集成-U,1,65,qs,strong_pool|volume_expand|trend_confirmed,recorded,"strong_pool, volume_expand, trend_confirmed"
271,20260701,688484,南芯科技,1,65,qs,strong_pool|volume_expand|trend_confirmed,recorded,"strong_pool, volume_expand, trend_confirmed"
272,20260701,688486,龙迅股份,1,65,qs,strong_pool|volume_expand|trend_confirmed,recorded,"strong_pool, volume_expand, trend_confirmed"
273,20260701,688502,茂莱光学,1,65,qs,strong_pool|volume_expand|trend_confirmed,recorded,"strong_pool, volume_expand, trend_confirmed"
274,20260701,688530,欧莱新材,1,65,qs,strong_pool|volume_expand|trend_confirmed,recorded,"strong_pool, volume_expand, trend_confirmed"
275,20260701,688535,华海诚科,1,65,qs,strong_pool|volume_expand|trend_confirmed,recorded,"strong_pool, volume_expand, trend_confirmed"
276,20260701,688548,广钢气体,1,65,qs,strong_pool|volume_expand|trend_confirmed,recorded,"strong_pool, volume_expand, trend_confirmed"
277,20260701,688584,上海合晶,1,65,qs,strong_pool|volume_expand|trend_confirmed,recorded,"strong_pool, volume_expand, trend_confirmed"
278,20260701,688605,先锋精科,1,65,qs,strong_pool|volume_expand|trend_confirmed,recorded,"strong_pool, volume_expand, trend_confirmed"
279,20260701,688620,安凯微,1,65,qs,strong_pool|volume_expand|trend_confirmed,recorded,"strong_pool, volume_expand, trend_confirmed"
280,20260701,688623,DR双元科,1,65,qs,strong_pool|volume_expand|trend_confirmed,recorded,"strong_pool, volume_expand, trend_confirmed"
281,20260701,688653,康希通信,1,65,qs,strong_pool|volume_expand|trend_confirmed,recorded,"strong_pool, volume_expand, trend_confirmed"
282,20260701,688720,艾森股份,1,65,qs,strong_pool|volume_expand|trend_confirmed,recorded,"strong_pool, volume_expand, trend_confirmed"
283,20260701,688727,恒坤新材,1,65,qs,strong_pool|volume_expand|trend_confirmed,recorded,"strong_pool, volume_expand, trend_confirmed"
284,20260701,688809,强一股份,1,65,qs,strong_pool|volume_expand|trend_confirmed,recorded,"strong_pool, volume_expand, trend_confirmed"
285,20260701,000795,英洛华,0,65,zt,limit_up_pool|trend_confirmed,ok,"limit_up_pool, trend_confirmed"
286,20260701,002971,和远气体,0,65,zt,limit_up_pool|trend_confirmed,ok,"limit_up_pool, trend_confirmed"
287,20260701,301092,争光股份,0,65,zt,limit_up_pool|trend_confirmed,ok,"limit_up_pool, trend_confirmed"
288,20260701,600909,华安证券,1,65,zt,limit_up_pool|trend_confirmed,ok,"limit_up_pool, trend_confirmed"
289,20260701,603166,福达股份,1,65,zt,limit_up_pool|trend_confirmed,ok,"limit_up_pool, trend_confirmed"
290,20260701,603330,天洋新材,1,65,zt,limit_up_pool|trend_confirmed,ok,"limit_up_pool, trend_confirmed"
291,20260701,603682,锦和商管,1,65,zt,limit_up_pool|trend_confirmed,ok,"limit_up_pool, trend_confirmed"
292,20260701,603738,泰晶科技,1,65,zt,limit_up_pool|trend_confirmed,ok,"limit_up_pool, trend_confirmed"
293,20260701,603859,能科科技,1,65,zt,limit_up_pool|trend_confirmed,ok,"limit_up_pool, trend_confirmed"
294,20260701,000629,钒钛股份,0,60,zb,limit_break_pool|year_breakout|volume_expand,ok,"limit_break_pool, year_breakout, volume_expand"
295,20260701,002795,永和智控,0,60,zb,limit_break_pool|year_breakout|volume_expand,ok,"limit_break_pool, year_breakout, volume_expand"
296,20260701,600531,豫光金铅,1,60,zb,limit_break_pool|year_breakout|volume_expand,ok,"limit_break_pool, year_breakout, volume_expand"
297,20260701,603678,火炬电子,1,60,qs|zb,strong_pool|limit_break_pool|trend_confirmed,ok,"strong_pool, limit_break_pool, trend_confirmed"
298,20260701,002976,瑞玛精密,0,55,zb,limit_break_pool|year_breakout|trend_confirmed,ok,"limit_break_pool, year_breakout, trend_confirmed"
299,20260701,000017,深中华A,0,50,qs,strong_pool|volume_expand,ok,"strong_pool, volume_expand"
300,20260701,000510,新金路,0,50,zb,limit_break_pool|volume_expand|trend_confirmed,ok,"limit_break_pool, volume_expand, trend_confirmed"
301,20260701,000810,创维数字,0,50,qs,strong_pool|volume_expand,ok,"strong_pool, volume_expand"
302,20260701,000818,航锦科技,0,50,qs,strong_pool|volume_expand,ok,"strong_pool, volume_expand"
303,20260701,002367,康力电梯,0,50,qs,strong_pool|volume_expand,ok,"strong_pool, volume_expand"
304,20260701,002549,凯美特气,0,50,qs,strong_pool|volume_expand,ok,"strong_pool, volume_expand"
305,20260701,002628,成都路桥,0,50,qs,strong_pool|volume_expand,ok,"strong_pool, volume_expand"
306,20260701,002638,勤上股份,0,50,qs,strong_pool|volume_expand,ok,"strong_pool, volume_expand"
307,20260701,002687,乔治白,0,50,qs,strong_pool|volume_expand,ok,"strong_pool, volume_expand"
308,20260701,300033,同花顺,0,50,qs,strong_pool|volume_expand,ok,"strong_pool, volume_expand"
309,20260701,300059,东方财富,0,50,qs,strong_pool|volume_expand,ok,"strong_pool, volume_expand"
310,20260701,300435,中泰股份,0,50,qs,strong_pool|volume_expand,ok,"strong_pool, volume_expand"
311,20260701,300751,迈为股份,0,50,qs,strong_pool|volume_expand,ok,"strong_pool, volume_expand"
312,20260701,300801,泰和科技,0,50,qs,strong_pool|volume_expand,ok,"strong_pool, volume_expand"
313,20260701,301165,锐捷网络,0,50,qs,strong_pool|volume_expand,ok,"strong_pool, volume_expand"
314,20260701,301365,矩阵股份,0,50,qs,strong_pool|volume_expand,ok,"strong_pool, volume_expand"
315,20260701,600363,联创光电,1,50,qs,strong_pool|volume_expand,ok,"strong_pool, volume_expand"
316,20260701,600961,株冶集团,1,50,zb,limit_break_pool|volume_expand|trend_confirmed,ok,"limit_break_pool, volume_expand, trend_confirmed"
317,20260701,601198,东兴证券,1,50,qs,strong_pool|volume_expand,ok,"strong_pool, volume_expand"
318,20260701,601628,中国人寿,1,50,qs,strong_pool|volume_expand,ok,"strong_pool, volume_expand"
319,20260701,603019,中科曙光,1,50,qs,strong_pool|volume_expand,ok,"strong_pool, volume_expand"
320,20260701,603033,三维股份,1,50,qs,strong_pool|volume_expand,ok,"strong_pool, volume_expand"
321,20260701,603222,济民健康,1,50,qs,strong_pool|volume_expand,ok,"strong_pool, volume_expand"
322,20260701,603580,艾艾精工,1,50,zb,limit_break_pool|volume_expand|trend_confirmed,ok,"limit_break_pool, volume_expand, trend_confirmed"
323,20260701,603607,京华激光,1,50,qs,strong_pool|volume_expand,ok,"strong_pool, volume_expand"
324,20260701,603610,麒盛科技,1,50,zb,limit_break_pool|volume_expand|trend_confirmed,ok,"limit_break_pool, volume_expand, trend_confirmed"
325,20260701,603956,威派格,1,50,qs,strong_pool|volume_expand,ok,"strong_pool, volume_expand"
326,20260701,603983,丸美生物,1,50,qs,strong_pool|volume_expand,ok,"strong_pool, volume_expand"
327,20260701,605366,宏柏新材,1,50,qs,strong_pool|volume_expand,ok,"strong_pool, volume_expand"
328,20260701,688117,圣诺生物,1,50,qs,strong_pool|volume_expand,ok,"strong_pool, volume_expand"
329,20260701,688202,美迪西,1,50,qs,strong_pool|volume_expand,ok,"strong_pool, volume_expand"
330,20260701,688252,天德钰,1,50,qs,strong_pool|volume_expand,ok,"strong_pool, volume_expand"
331,20260701,688266,泽璟制药-U,1,50,qs,strong_pool|volume_expand,ok,"strong_pool, volume_expand"
332,20260701,688503,聚和材料,1,50,qs,strong_pool|volume_expand,ok,"strong_pool, volume_expand"
333,20260701,001237,惠康科技,0,50,qs,strong_pool|volume_expand,recorded,"strong_pool, volume_expand"
334,20260701,301393,昊帆生物,0,50,qs,strong_pool|volume_expand,recorded,"strong_pool, volume_expand"
335,20260701,301592,六九一二,0,50,qs,strong_pool|volume_expand,recorded,"strong_pool, volume_expand"
336,20260701,603407,长裕集团,1,50,qs,strong_pool|volume_expand,recorded,"strong_pool, volume_expand"
337,20260701,603459,红板科技,1,50,qs,strong_pool|volume_expand,recorded,"strong_pool, volume_expand"
338,20260701,688758,赛分科技,1,50,qs,strong_pool|volume_expand,recorded,"strong_pool, volume_expand"
339,20260701,000068,华控赛格,0,50,zt,limit_up_pool,ok,limit_up_pool
340,20260701,000520,凤凰航运,0,50,zt,limit_up_pool,ok,limit_up_pool
341,20260701,000536,华映科技,0,50,zt,limit_up_pool,ok,limit_up_pool
342,20260701,000601,韶能股份,0,50,zt,limit_up_pool,ok,limit_up_pool
343,20260701,000863,三湘印象,0,50,zt,limit_up_pool,ok,limit_up_pool
344,20260701,001269,欧晶科技,0,50,zt,limit_up_pool,ok,limit_up_pool
345,20260701,002161,远 望 谷,0,50,zt,limit_up_pool,ok,limit_up_pool
346,20260701,002184,海得控制,0,50,zt,limit_up_pool,ok,limit_up_pool
347,20260701,002200,交投生态,0,50,zt,limit_up_pool,ok,limit_up_pool
348,20260701,002232,启明信息,0,50,zt,limit_up_pool,ok,limit_up_pool
349,20260701,002313,日海智能,0,50,zt,limit_up_pool,ok,limit_up_pool
350,20260701,002326,永太科技,0,50,zt,limit_up_pool,ok,limit_up_pool
351,20260701,002329,皇氏集团,0,50,zt,limit_up_pool,ok,limit_up_pool
352,20260701,002440,闰土股份,0,50,zt,limit_up_pool,ok,limit_up_pool
353,20260701,002442,龙星科技,0,50,zt,limit_up_pool,ok,limit_up_pool
354,20260701,002455,百川股份,0,50,zt,limit_up_pool,ok,limit_up_pool
355,20260701,002548,金新农,0,50,zt,limit_up_pool,ok,limit_up_pool
356,20260701,002670,国盛证券,0,50,zt,limit_up_pool,ok,limit_up_pool
357,20260701,002759,天际股份,0,50,zt,limit_up_pool,ok,limit_up_pool
358,20260701,002840,华统股份,0,50,zt,limit_up_pool,ok,limit_up_pool
359,20260701,002868,绿康生化,0,50,zt,limit_up_pool,ok,limit_up_pool
360,20260701,002881,美格智能,0,50,zt,limit_up_pool,ok,limit_up_pool
361,20260701,002940,昂利康,0,50,zt,limit_up_pool,ok,limit_up_pool
362,20260701,002943,宇晶股份,0,50,zt,limit_up_pool,ok,limit_up_pool
363,20260701,002981,朝阳科技,0,50,zt,limit_up_pool,ok,limit_up_pool
364,20260701,002982,湘佳股份,0,50,zt,limit_up_pool,ok,limit_up_pool
365,20260701,300561,汇金科技,0,50,zt,limit_up_pool,ok,limit_up_pool
366,20260701,301279,金道科技,0,50,zt,limit_up_pool,ok,limit_up_pool
367,20260701,600182,S佳通,1,50,zt,limit_up_pool,ok,limit_up_pool
368,20260701,600208,衢州发展,1,50,zt,limit_up_pool,ok,limit_up_pool
369,20260701,600233,圆通速递,1,50,zt,limit_up_pool,ok,limit_up_pool
370,20260701,600446,金证股份,1,50,zt,limit_up_pool,ok,limit_up_pool
371,20260701,600470,六国化工,1,50,zt,limit_up_pool,ok,limit_up_pool
372,20260701,600509,天富能源,1,50,zt,limit_up_pool,ok,limit_up_pool
373,20260701,600658,电子城,1,50,zt,limit_up_pool,ok,limit_up_pool
374,20260701,600665,天地源,1,50,zt,limit_up_pool,ok,limit_up_pool
375,20260701,600724,宁波富达,1,50,zt,limit_up_pool,ok,limit_up_pool
376,20260701,600725,云维股份,1,50,zt,limit_up_pool,ok,limit_up_pool
377,20260701,600784,鲁银投资,1,50,zt,limit_up_pool,ok,limit_up_pool
378,20260701,600845,宝信软件,1,50,zt,limit_up_pool,ok,limit_up_pool
379,20260701,601991,大唐发电,1,50,zt,limit_up_pool,ok,limit_up_pool
380,20260701,603353,和顺石油,1,50,zt,limit_up_pool,ok,limit_up_pool
381,20260701,603360,百傲化学,1,50,zt,limit_up_pool,ok,limit_up_pool
382,20260701,603499,翔港科技,1,50,zt,limit_up_pool,ok,limit_up_pool
383,20260701,603538,美诺华,1,50,zt,limit_up_pool,ok,limit_up_pool
384,20260701,603567,珍宝岛,1,50,zt,limit_up_pool,ok,limit_up_pool
385,20260701,603948,建业股份,1,50,zt,limit_up_pool,ok,limit_up_pool
386,20260701,605155,西大门,1,50,zt,limit_up_pool,ok,limit_up_pool
387,20260701,605189,富春染织,1,50,zt,limit_up_pool,ok,limit_up_pool
388,20260701,605488,福莱新材,1,50,zt,limit_up_pool,ok,limit_up_pool
389,20260701,001365,天海电子,0,50,zt,limit_up_pool,recorded,limit_up_pool
390,20260701,603014,威高血净,1,50,zt,limit_up_pool,recorded,limit_up_pool
391,20260701,000571,新大洲A,0,45,qs,strong_pool|trend_confirmed,ok,"strong_pool, trend_confirmed"
392,20260701,000970,中科三环,0,45,qs,strong_pool|trend_confirmed,ok,"strong_pool, trend_confirmed"
393,20260701,002138,顺络电子,0,45,qs,strong_pool|trend_confirmed,ok,"strong_pool, trend_confirmed"
394,20260701,002272,川润股份,0,45,qs,strong_pool|trend_confirmed,ok,"strong_pool, trend_confirmed"
395,20260701,002463,沪电股份,0,45,qs,strong_pool|trend_confirmed,ok,"strong_pool, trend_confirmed"
396,20260701,002636,金安国纪,0,45,qs,strong_pool|trend_confirmed,ok,"strong_pool, trend_confirmed"
397,20260701,002787,华源控股,0,45,qs,strong_pool|trend_confirmed,ok,"strong_pool, trend_confirmed"
398,20260701,002859,洁美科技,0,45,qs,strong_pool|trend_confirmed,ok,"strong_pool, trend_confirmed"
399,20260701,002861,瀛通通讯,0,45,qs,strong_pool|trend_confirmed,ok,"strong_pool, trend_confirmed"
400,20260701,002871,伟隆股份,0,45,qs,strong_pool|trend_confirmed,ok,"strong_pool, trend_confirmed"
401,20260701,002916,深南电路,0,45,qs,strong_pool|trend_confirmed,ok,"strong_pool, trend_confirmed"
402,20260701,002925,盈趣科技,0,45,qs,strong_pool|trend_confirmed,ok,"strong_pool, trend_confirmed"
403,20260701,002965,祥鑫科技,0,45,qs,strong_pool|trend_confirmed,ok,"strong_pool, trend_confirmed"
404,20260701,002972,科安达,0,45,qs,strong_pool|trend_confirmed,ok,"strong_pool, trend_confirmed"
405,20260701,002993,奥海科技,0,45,qs,strong_pool|trend_confirmed,ok,"strong_pool, trend_confirmed"
406,20260701,300005,探路者,0,45,qs,strong_pool|trend_confirmed,ok,"strong_pool, trend_confirmed"
407,20260701,300037,新宙邦,0,45,qs,strong_pool|trend_confirmed,ok,"strong_pool, trend_confirmed"
408,20260701,300083,创世纪,0,45,qs,strong_pool|trend_confirmed,ok,"strong_pool, trend_confirmed"
409,20260701,300234,开尔新材,0,45,qs,strong_pool|trend_confirmed,ok,"strong_pool, trend_confirmed"
410,20260701,300260,新莱应材,0,45,qs,strong_pool|trend_confirmed,ok,"strong_pool, trend_confirmed"
411,20260701,300316,晶盛机电,0,45,qs,strong_pool|trend_confirmed,ok,"strong_pool, trend_confirmed"
412,20260701,300331,苏大维格,0,45,qs,strong_pool|trend_confirmed,ok,"strong_pool, trend_confirmed"
413,20260701,300373,扬杰科技,0,45,qs,strong_pool|trend_confirmed,ok,"strong_pool, trend_confirmed"
414,20260701,300382,斯莱克,0,45,qs,strong_pool|trend_confirmed,ok,"strong_pool, trend_confirmed"
415,20260701,300420,五洋自控,0,45,qs,strong_pool|trend_confirmed,ok,"strong_pool, trend_confirmed"
416,20260701,300429,强力新材,0,45,qs,strong_pool|trend_confirmed,ok,"strong_pool, trend_confirmed"
417,20260701,300440,运达科技,0,45,qs,strong_pool|trend_confirmed,ok,"strong_pool, trend_confirmed"
418,20260701,300475,香农芯创,0,45,qs,strong_pool|trend_confirmed,ok,"strong_pool, trend_confirmed"
419,20260701,300502,新易盛,0,45,qs,strong_pool|trend_confirmed,ok,"strong_pool, trend_confirmed"
420,20260701,300604,长川科技,0,45,qs,strong_pool|trend_confirmed,ok,"strong_pool, trend_confirmed"
421,20260701,300661,圣邦股份,0,45,qs,strong_pool|trend_confirmed,ok,"strong_pool, trend_confirmed"
422,20260701,300666,江丰电子,0,45,qs,strong_pool|trend_confirmed,ok,"strong_pool, trend_confirmed"
423,20260701,300689,澄天伟业,0,45,qs,strong_pool|trend_confirmed,ok,"strong_pool, trend_confirmed"
424,20260701,300706,阿石创,0,45,qs,strong_pool|trend_confirmed,ok,"strong_pool, trend_confirmed"
425,20260701,300786,国林科技,0,45,qs,strong_pool|trend_confirmed,ok,"strong_pool, trend_confirmed"
426,20260701,300868,杰美特,0,45,qs,strong_pool|trend_confirmed,ok,"strong_pool, trend_confirmed"
427,20260701,300964,本川智能,0,45,qs,strong_pool|trend_confirmed,ok,"strong_pool, trend_confirmed"
428,20260701,300975,商络电子,0,45,qs,strong_pool|trend_confirmed,ok,"strong_pool, trend_confirmed"
429,20260701,300985,致远新能,0,45,qs,strong_pool|trend_confirmed,ok,"strong_pool, trend_confirmed"
430,20260701,301018,申菱环境,0,45,qs,strong_pool|trend_confirmed,ok,"strong_pool, trend_confirmed"
431,20260701,301070,开勒股份,0,45,qs,strong_pool|trend_confirmed,ok,"strong_pool, trend_confirmed"
432,20260701,301072,中捷精工,0,45,qs,strong_pool|trend_confirmed,ok,"strong_pool, trend_confirmed"
433,20260701,301099,雅创电子,0,45,qs,strong_pool|trend_confirmed,ok,"strong_pool, trend_confirmed"
434,20260701,301115,联检科技,0,45,qs,strong_pool|trend_confirmed,ok,"strong_pool, trend_confirmed"
435,20260701,301308,江波龙,0,45,qs,strong_pool|trend_confirmed,ok,"strong_pool, trend_confirmed"
436,20260701,301312,智立方,0,45,qs,strong_pool|trend_confirmed,ok,"strong_pool, trend_confirmed"
437,20260701,301369,联动科技,0,45,qs,strong_pool|trend_confirmed,ok,"strong_pool, trend_confirmed"
438,20260701,301396,宏景科技,0,45,qs,strong_pool|trend_confirmed,ok,"strong_pool, trend_confirmed"
439,20260701,600160,巨化股份,1,45,qs,strong_pool|trend_confirmed,ok,"strong_pool, trend_confirmed"
440,20260701,600322,津投城开,1,45,qs,strong_pool|trend_confirmed,ok,"strong_pool, trend_confirmed"
441,20260701,600459,贵研铂业,1,45,qs,strong_pool|trend_confirmed,ok,"strong_pool, trend_confirmed"
442,20260701,600584,长电科技,1,45,qs,strong_pool|trend_confirmed,ok,"strong_pool, trend_confirmed"
443,20260701,600630,龙头股份,1,45,qs,strong_pool|trend_confirmed,ok,"strong_pool, trend_confirmed"
444,20260701,603163,圣晖集成,1,45,qs,strong_pool|trend_confirmed,ok,"strong_pool, trend_confirmed"
445,20260701,603358,华达科技,1,45,qs,strong_pool|trend_confirmed,ok,"strong_pool, trend_confirmed"
446,20260701,603380,易德龙,1,45,qs,strong_pool|trend_confirmed,ok,"strong_pool, trend_confirmed"
447,20260701,603519,立霸股份,1,45,qs,strong_pool|trend_confirmed,ok,"strong_pool, trend_confirmed"
448,20260701,603661,恒林股份,1,45,qs,strong_pool|trend_confirmed,ok,"strong_pool, trend_confirmed"
449,20260701,603687,大胜达,1,45,qs,strong_pool|trend_confirmed,ok,"strong_pool, trend_confirmed"
450,20260701,603757,大元泵业,1,45,qs,strong_pool|trend_confirmed,ok,"strong_pool, trend_confirmed"
451,20260701,603823,百合花,1,45,qs,strong_pool|trend_confirmed,ok,"strong_pool, trend_confirmed"
452,20260701,603989,艾华集团,1,45,qs,strong_pool|trend_confirmed,ok,"strong_pool, trend_confirmed"
453,20260701,605358,立昂微,1,45,qs,strong_pool|trend_confirmed,ok,"strong_pool, trend_confirmed"
454,20260701,688003,天准科技,1,45,qs,strong_pool|trend_confirmed,ok,"strong_pool, trend_confirmed"
455,20260701,688020,方邦股份,1,45,qs,strong_pool|trend_confirmed,ok,"strong_pool, trend_confirmed"
456,20260701,688028,沃尔德,1,45,qs,strong_pool|trend_confirmed,ok,"strong_pool, trend_confirmed"
457,20260701,688041,海光信息,1,45,qs,strong_pool|trend_confirmed,ok,"strong_pool, trend_confirmed"
458,20260701,688045,必易微,1,45,qs,strong_pool|trend_confirmed,ok,"strong_pool, trend_confirmed"
459,20260701,688048,长光华芯,1,45,qs,strong_pool|trend_confirmed,ok,"strong_pool, trend_confirmed"
460,20260701,688102,斯瑞新材,1,45,qs,strong_pool|trend_confirmed,ok,"strong_pool, trend_confirmed"
461,20260701,688110,东芯股份,1,45,qs,strong_pool|trend_confirmed,ok,"strong_pool, trend_confirmed"
462,20260701,688126,沪硅产业,1,45,qs,strong_pool|trend_confirmed,ok,"strong_pool, trend_confirmed"
463,20260701,688141,杰华特,1,45,qs,strong_pool|trend_confirmed,ok,"strong_pool, trend_confirmed"
464,20260701,688147,微导纳米,1,45,qs,strong_pool|trend_confirmed,ok,"strong_pool, trend_confirmed"
465,20260701,688150,莱特光电,1,45,qs,strong_pool|trend_confirmed,ok,"strong_pool, trend_confirmed"
466,20260701,688163,赛伦生物,1,45,qs,strong_pool|trend_confirmed,ok,"strong_pool, trend_confirmed"
467,20260701,688168,安博通,1,45,qs,strong_pool|trend_confirmed,ok,"strong_pool, trend_confirmed"
468,20260701,688200,华峰测控,1,45,qs,strong_pool|trend_confirmed,ok,"strong_pool, trend_confirmed"
469,20260701,688268,华特气体,1,45,qs,strong_pool|trend_confirmed,ok,"strong_pool, trend_confirmed"
470,20260701,688332,中科蓝讯,1,45,qs,strong_pool|trend_confirmed,ok,"strong_pool, trend_confirmed"
471,20260701,688362,甬矽电子,1,45,qs,strong_pool|trend_confirmed,ok,"strong_pool, trend_confirmed"
472,20260701,688378,奥来德,1,45,qs,strong_pool|trend_confirmed,ok,"strong_pool, trend_confirmed"
473,20260701,688392,骄成超声,1,45,qs,strong_pool|trend_confirmed,ok,"strong_pool, trend_confirmed"
474,20260701,688396,华润微,1,45,qs,strong_pool|trend_confirmed,ok,"strong_pool, trend_confirmed"
475,20260701,688419,耐科装备,1,45,qs,strong_pool|trend_confirmed,ok,"strong_pool, trend_confirmed"
476,20260701,688536,思瑞浦,1,45,qs,strong_pool|trend_confirmed,ok,"strong_pool, trend_confirmed"
477,20260701,688559,海目星,1,45,qs,strong_pool|trend_confirmed,ok,"strong_pool, trend_confirmed"
478,20260701,688595,芯海科技,1,45,qs,strong_pool|trend_confirmed,ok,"strong_pool, trend_confirmed"
479,20260701,688630,芯碁微装,1,45,qs,strong_pool|trend_confirmed,ok,"strong_pool, trend_confirmed"
480,20260701,688661,和林微纳,1,45,qs,strong_pool|trend_confirmed,ok,"strong_pool, trend_confirmed"
481,20260701,688665,四方光电,1,45,qs,strong_pool|trend_confirmed,ok,"strong_pool, trend_confirmed"
482,20260701,688981,中芯国际,1,45,qs,strong_pool|trend_confirmed,ok,"strong_pool, trend_confirmed"
483,20260701,001287,中电港,0,45,qs,strong_pool|trend_confirmed,recorded,"strong_pool, trend_confirmed"
484,20260701,301611,珂玛科技,0,45,qs,strong_pool|trend_confirmed,recorded,"strong_pool, trend_confirmed"
485,20260701,301629,矽电股份,0,45,qs,strong_pool|trend_confirmed,recorded,"strong_pool, trend_confirmed"
486,20260701,603257,中国瑞林,1,45,qs,strong_pool|trend_confirmed,recorded,"strong_pool, trend_confirmed"
487,20260701,688478,晶升股份,1,45,qs,strong_pool|trend_confirmed,recorded,"strong_pool, trend_confirmed"
488,20260701,688545,兴福电子,1,45,qs,strong_pool|trend_confirmed,recorded,"strong_pool, trend_confirmed"
489,20260701,688549,中巨芯-U,1,45,qs,strong_pool|trend_confirmed,recorded,"strong_pool, trend_confirmed"
490,20260701,688610,埃科光电,1,45,qs,strong_pool|trend_confirmed,recorded,"strong_pool, trend_confirmed"
491,20260701,688627,精智达,1,45,qs,strong_pool|trend_confirmed,recorded,"strong_pool, trend_confirmed"
492,20260701,688702,盛科通信-U,1,45,qs,strong_pool|trend_confirmed,recorded,"strong_pool, trend_confirmed"
493,20260701,688783,西安奕材-U,1,45,qs,strong_pool|trend_confirmed,recorded,"strong_pool, trend_confirmed"
494,20260701,000059,华锦股份,0,35,zb,limit_break_pool|volume_expand,ok,"limit_break_pool, volume_expand"
495,20260701,000501,武商集团,0,35,zb,limit_break_pool|volume_expand,ok,"limit_break_pool, volume_expand"
496,20260701,000534,万泽股份,0,35,zb,limit_break_pool|volume_expand,ok,"limit_break_pool, volume_expand"
497,20260701,000990,诚志股份,0,35,zb,limit_break_pool|volume_expand,ok,"limit_break_pool, volume_expand"
498,20260701,002042,华孚时尚,0,35,zb,limit_break_pool|volume_expand,ok,"limit_break_pool, volume_expand"
499,20260701,002076,星光股份,0,35,zb,limit_break_pool|volume_expand,ok,"limit_break_pool, volume_expand"
500,20260701,002120,韵达股份,0,35,zb,limit_break_pool|volume_expand,ok,"limit_break_pool, volume_expand"
501,20260701,002173,创新医疗,0,35,zb,limit_break_pool|volume_expand,ok,"limit_break_pool, volume_expand"
502,20260701,002342,巨力索具,0,35,zb,limit_break_pool|volume_expand,ok,"limit_break_pool, volume_expand"
503,20260701,002550,千红制药,0,35,zb,limit_break_pool|volume_expand,ok,"limit_break_pool, volume_expand"
504,20260701,002567,唐人神,0,35,zb,limit_break_pool|volume_expand,ok,"limit_break_pool, volume_expand"
505,20260701,002885,京泉华,0,35,zb,limit_break_pool|volume_expand,ok,"limit_break_pool, volume_expand"
506,20260701,002889,东方嘉盛,0,35,zb,limit_break_pool|volume_expand,ok,"limit_break_pool, volume_expand"
507,20260701,002907,华森制药,0,35,zb,limit_break_pool|volume_expand,ok,"limit_break_pool, volume_expand"
508,20260701,002908,德生科技,0,35,zb,limit_break_pool|volume_expand,ok,"limit_break_pool, volume_expand"
509,20260701,002998,优彩资源,0,35,zb,limit_break_pool|volume_expand,ok,"limit_break_pool, volume_expand"
510,20260701,003020,立方制药,0,35,zb,limit_break_pool|volume_expand,ok,"limit_break_pool, volume_expand"
511,20260701,003027,同兴科技,0,35,zb,limit_break_pool|volume_expand,ok,"limit_break_pool, volume_expand"
512,20260701,600618,氯碱化工,1,35,zb,limit_break_pool|volume_expand,ok,"limit_break_pool, volume_expand"
513,20260701,600623,华谊集团,1,35,zb,limit_break_pool|volume_expand,ok,"limit_break_pool, volume_expand"
514,20260701,600676,交运股份,1,35,zb,limit_break_pool|volume_expand,ok,"limit_break_pool, volume_expand"
515,20260701,600714,金瑞矿业,1,35,zb,limit_break_pool|volume_expand,ok,"limit_break_pool, volume_expand"
516,20260701,600807,济高发展,1,35,zb,limit_break_pool|volume_expand,ok,"limit_break_pool, volume_expand"
517,20260701,601336,新华保险,1,35,zb,limit_break_pool|volume_expand,ok,"limit_break_pool, volume_expand"
518,20260701,601515,衢州东峰,1,35,zb,limit_break_pool|volume_expand,ok,"limit_break_pool, volume_expand"
519,20260701,601519,大智慧,1,35,zb,limit_break_pool|volume_expand,ok,"limit_break_pool, volume_expand"
520,20260701,603106,恒银科技,1,35,zb,limit_break_pool|volume_expand,ok,"limit_break_pool, volume_expand"
521,20260701,603383,顶点软件,1,35,zb,limit_break_pool|volume_expand,ok,"limit_break_pool, volume_expand"
522,20260701,603717,天域生物,1,35,zb,limit_break_pool|volume_expand,ok,"limit_break_pool, volume_expand"
523,20260701,603880,南卫股份,1,35,zb,limit_break_pool|volume_expand,ok,"limit_break_pool, volume_expand"
524,20260701,603887,城地香江,1,35,zb,limit_break_pool|volume_expand,ok,"limit_break_pool, volume_expand"
525,20260701,688318,财富趋势,1,35,zb,limit_break_pool|volume_expand,ok,"limit_break_pool, volume_expand"
526,20260701,301421,波长光电,0,35,zb,limit_break_pool|volume_expand,recorded,"limit_break_pool, volume_expand"
527,20260701,603285,键邦股份,1,35,zb,limit_break_pool|volume_expand,recorded,"limit_break_pool, volume_expand"
528,20260701,002180,奔图科技,0,30,qs,strong_pool,ok,strong_pool
529,20260701,002568,百润股份,0,30,qs,strong_pool,ok,strong_pool
530,20260701,600063,皖维高新,1,30,zb,limit_break_pool|trend_confirmed,ok,"limit_break_pool, trend_confirmed"
531,20260701,603011,合锻智能,1,30,zb,limit_break_pool|trend_confirmed,ok,"limit_break_pool, trend_confirmed"
532,20260701,603316,诚邦股份,1,30,zb,limit_break_pool|trend_confirmed,ok,"limit_break_pool, trend_confirmed"
533,20260701,920179,凯德石英,0,30,qs,strong_pool,recorded,strong_pool
534,20260701,920367,新赣江,0,30,qs,strong_pool,recorded,strong_pool
535,20260701,920402,硅烷科技,0,30,qs,strong_pool,recorded,strong_pool
536,20260701,920981,晶赛科技,0,30,qs,strong_pool,recorded,strong_pool
537,20260701,002251,步步高,0,15,zb,limit_break_pool,ok,limit_break_pool
538,20260701,600644,乐山电力,1,15,zb,limit_break_pool,ok,limit_break_pool
539,20260701,600903,贵州燃气,1,15,zb,limit_break_pool,ok,limit_break_pool
540,20260701,603393,新天然气,1,15,zb,limit_break_pool,ok,limit_break_pool
541,20260701,603867,新化股份,1,15,zb,limit_break_pool,ok,limit_break_pool
542,20260701,920970,大禹生物,0,15,zb,limit_break_pool,recorded,limit_break_pool
